timestamp,catalog_revision,pr_ref,finding_brief,classification,proposed_catalog_slug,status,prior_acks_present,rule_in_base_instructions,divergence_override_history
2026-05-25T21:30:00Z,92f0622b5986ddfbb75419e767d628134762e478,seed-pr-1,Volatile write ordering inside lock,panel-miss,publication-barrier-order,catalog-updated,,,
2026-05-25T21:30:00Z,92f0622b5986ddfbb75419e767d628134762e478,seed-pr-1,Test event-subscription before subject-action,panel-miss,event-ordering-test-subscription,catalog-updated,,,
2026-05-25T21:30:00Z,92f0622b5986ddfbb75419e767d628134762e478,seed-pr-1,Test event-subscription before subject-action,panel-miss,event-ordering-test-subscription,catalog-updated,,,
2026-05-25T21:35:00Z,92f0622b5986ddfbb75419e767d628134762e478,seed-pr-1,Event invocation before completion drops awaiter on subscriber throw,panel-miss,event-completion-fault-isolation,catalog-updated,,,
2026-05-25T21:35:00Z,92f0622b5986ddfbb75419e767d628134762e478,seed-pr-1,Event invocation before completion drops awaiter on subscriber throw,panel-miss,event-completion-fault-isolation,catalog-updated,,,
2026-05-25T21:35:00Z,92f0622b5986ddfbb75419e767d628134762e478,seed-pr-1,Event invocation before completion drops awaiter on subscriber throw,panel-miss,event-completion-fault-isolation,catalog-updated,,,
2026-05-25T21:40:00Z,92f0622b5986ddfbb75419e767d628134762e478,seed-pr-1,New test class lacks Arrange/Act/Assert structure,panel-miss,test-aaa-pattern,catalog-updated,,,
2026-05-26T00:39:17Z,06749e54aa73832c019812aba01b971579ce5466,consuming-pr-3,Registration method accepts strongly-typed-id sentinel/None value as a match,panel-miss,strongly-typed-id-none-rejection,catalog-updated,,,
2026-05-26T00:39:17Z,06749e54aa73832c019812aba01b971579ce5466,consuming-pr-3,Record with non-nullable reference-type parameter lacks construction-time null check,panel-miss,record-non-nullable-ctor-validation,catalog-updated,,,
2026-05-26T01:05:24Z,d5ec0bff1825c5fbe2b1cd0ee3b358075cca9caa,consuming-pr-3,State-reader returns stale registration between event-publishing source and event-subscribing observer's reactive clear,panel-miss,state-read-stale-after-event-publication,catalog-updated,,,
2026-05-26T01:05:24Z,d5ec0bff1825c5fbe2b1cd0ee3b358075cca9caa,consuming-pr-3,Record/class invariant set in constructor is bypassable by init-settable properties via with-expression,panel-miss,init-property-invariant-bypass,catalog-updated,,,
2026-05-26T01:26:57Z,4692b9c36be5c2b6ed8868af51f155f77c345cc5,consuming-pr-3,Stale-state-read fix applied to read methods but not to write/decision methods that read the same field,panel-miss,stale-read-fix-coverage-completeness,catalog-updated,,,
2026-05-26T01:26:57Z,4692b9c36be5c2b6ed8868af51f155f77c345cc5,consuming-pr-3,PR description claims an API type kind (record/class/struct) that does not match the implementation,panel-miss,pr-description-api-surface-sync,catalog-updated,,,
2026-05-26T02:20:54Z,340fab96eecd91daf51cd2d7b49e760d310a466f,consuming-pr-4,Pre-impl panel assumed earlier-PR-merged API surface still matched its pre-merge state (missed that prior-PR added base-class virtual overrides),panel-miss,cross-pr-api-state-propagation,catalog-updated,,,
2026-05-26T03:00:45Z,8485c787843f6f67a4499ee4f0d1afda9bfb1b51,external-scan-batch-1,Dead/unused code paths or variables that no caller exercises (external-scan: 30 occurrences across consuming-projects),panel-miss,dead-code-unused,catalog-updated,,,
2026-05-26T03:00:45Z,8485c787843f6f67a4499ee4f0d1afda9bfb1b51,external-scan-batch-1,Possible null-dereference where the receiver can be null at the point of access (external-scan: 29 occurrences across consuming-projects),panel-miss,null-dereference-risk,catalog-updated,,,
2026-05-26T03:00:45Z,8485c787843f6f67a4499ee4f0d1afda9bfb1b51,external-scan-batch-1,Inline code comment describes behavior that no longer matches the code below it (external-scan: 26 occurrences across consuming-projects),panel-miss,code-comment-mismatch,catalog-updated,,,
2026-05-26T03:00:45Z,8485c787843f6f67a4499ee4f0d1afda9bfb1b51,external-scan-batch-1,New early-return or guard silently suppresses behavior the prior code path supported (external-scan: 13 occurrences across consuming-projects),panel-miss,behavior-suppressed-by-guard,catalog-updated,,,
2026-05-26T03:00:45Z,8485c787843f6f67a4499ee4f0d1afda9bfb1b51,external-scan-batch-1,File path constructed from untrusted input without traversal guard or canonicalization (external-scan: 13 occurrences across consuming-projects),panel-miss,file-path-injection-traversal,catalog-updated,,,
2026-05-26T03:00:45Z,8485c787843f6f67a4499ee4f0d1afda9bfb1b51,external-scan-batch-1,Configuration key consumed without a documented default or fallback when absent (external-scan: 12 occurrences across consuming-projects),panel-miss,config-default-missing,catalog-updated,,,
2026-05-26T03:00:45Z,8485c787843f6f67a4499ee4f0d1afda9bfb1b51,external-scan-batch-1,Identifier spelling or naming inconsistent with adjacent symbols in the same module (external-scan: 9 occurrences across consuming-projects),panel-miss,typo-naming-inconsistency,catalog-updated,,,
2026-05-26T03:00:45Z,8485c787843f6f67a4499ee4f0d1afda9bfb1b51,external-scan-batch-1,"Type or method lacks an attribute the surrounding code expects (e.g. routing, authorization, serialization) (external-scan: 8 occurrences across consuming-projects)",panel-miss,attribute-or-decorator-missing,catalog-updated,,,
2026-05-26T03:00:45Z,8485c787843f6f67a4499ee4f0d1afda9bfb1b51,external-scan-batch-1,User-visible string hard-coded in source rather than going through localization/resource catalog (external-scan: 8 occurrences across consuming-projects),panel-miss,localization-i18n-gap,catalog-updated,,,
2026-05-26T03:00:45Z,8485c787843f6f67a4499ee4f0d1afda9bfb1b51,external-scan-batch-1,Shared state read or written without synchronization across threads or async continuations (external-scan: 7 occurrences across consuming-projects),panel-miss,race-condition-thread-safety,catalog-updated,,,
2026-05-26T03:00:45Z,8485c787843f6f67a4499ee4f0d1afda9bfb1b51,external-scan-batch-1,Identifier uses a naming style reserved for a different scope (e.g. underscore-prefix on locals) (external-scan: 6 occurrences across consuming-projects),panel-miss,naming-convention-violation,catalog-updated,,,
2026-05-26T03:00:45Z,8485c787843f6f67a4499ee4f0d1afda9bfb1b51,external-scan-batch-1,Third-party GitHub Action referenced by tag or floating ref instead of pinned commit SHA (external-scan: 6 occurrences across consuming-projects),panel-miss,github-actions-not-pinned-to-sha,catalog-updated,,,
2026-05-26T03:00:45Z,8485c787843f6f67a4499ee4f0d1afda9bfb1b51,external-scan-batch-1,Code silently falls back to a default value without logging or surfacing the failed path (external-scan: 6 occurrences across consuming-projects),panel-miss,silent-fallback-loses-info,catalog-updated,,,
2026-05-26T03:00:45Z,8485c787843f6f67a4499ee4f0d1afda9bfb1b51,external-scan-batch-1,"IDisposable / IAsyncDisposable instance not disposed on all paths (no using, no finalizer, no Dispose call) (external-scan: 5 occurrences across consuming-projects)",panel-miss,dispose-leak,catalog-updated,,,
2026-05-26T03:00:45Z,8485c787843f6f67a4499ee4f0d1afda9bfb1b51,external-scan-batch-1,"Async/await pattern likely to deadlock or drop exceptions (.Result/.Wait, async void outside event handlers, fire-and-forget) (external-scan: 5 occurrences across consuming-projects)",panel-miss,async-await-misuse,catalog-updated,,,
2026-05-26T03:00:45Z,8485c787843f6f67a4499ee4f0d1afda9bfb1b51,external-scan-batch-1,Hard-coded string or numeric literal that should be a named constant (external-scan: 5 occurrences across consuming-projects),panel-miss,magic-string-numeric-literal,catalog-updated,,,
2026-05-26T03:00:45Z,8485c787843f6f67a4499ee4f0d1afda9bfb1b51,external-scan-batch-1,Index or loop bound may exceed the collection range by one element (external-scan: 4 occurrences across consuming-projects),panel-miss,off-by-one-bounds,catalog-updated,,,
2026-05-26T03:00:45Z,8485c787843f6f67a4499ee4f0d1afda9bfb1b51,external-scan-batch-1,"Public method accepts untrusted input without length, format, or range validation (external-scan: 4 occurrences across consuming-projects)",panel-miss,input-validation-missing,catalog-updated,,,
2026-05-26T03:00:45Z,8485c787843f6f67a4499ee4f0d1afda9bfb1b51,external-scan-batch-1,User input rendered into HTML/JS context without encoding or sanitization (external-scan: 4 occurrences across consuming-projects),panel-miss,xss-injection-risk,catalog-updated,,,
2026-05-26T03:00:45Z,8485c787843f6f67a4499ee4f0d1afda9bfb1b51,external-scan-batch-1,Shell script missing strict-mode pragmas (set -euo pipefail or equivalent) used elsewhere in the repo (external-scan: 4 occurrences across consuming-projects),panel-miss,shell-script-discipline,catalog-updated,,,
2026-05-26T03:00:45Z,8485c787843f6f67a4499ee4f0d1afda9bfb1b51,external-scan-batch-1,Same logic repeated across multiple methods/files; refactor candidate (external-scan: 3 occurrences across consuming-projects),panel-miss,code-duplication-dry,catalog-updated,,,
2026-05-26T03:48:21Z,02e69c3059c1748b8a635af2f2b74aa46a7dda91,consuming-pr-4,Expression-bodied async wrapper that only awaits a single Task<T> can return the Task directly (Task<T> upcasts to Task without state-machine allocation),panel-miss,async-wrapper-redundant-upcast,catalog-updated,,,
2026-05-26T04:03:54Z,f937b5d5e995dedf5aedf10d35d202956fc2300b,consuming-pr-4,Discard _ = await is redundant; plain wait already ignores the result of a Task<T>,panel-miss,await-discard-redundant,catalog-updated,,,
2026-05-26T04:03:54Z,f937b5d5e995dedf5aedf10d35d202956fc2300b,consuming-pr-4,"LINQ ToDictionary(kvp.Key, kvp.Value) over an IReadOnlyDictionary can be replaced by Dictionary<K,V> ctor which avoids the LINQ enumerator/delegate allocation",panel-miss,dictionary-ctor-over-linq-todictionary,catalog-updated,,,
2026-05-26T04:03:54Z,f937b5d5e995dedf5aedf10d35d202956fc2300b,consuming-pr-4,"Interpolated string ($""..."") with no {} placeholders reads as code-smell even when the receiving API requires interpolated-string-handler form; prefer adding meaningful nameof()/expression interpolation to justify the dollar sign",panel-miss,interpolated-string-no-placeholder,catalog-updated,,,
2026-05-26T04:18:23Z,373db80e991dfd695283a7805075fd5cd1a2e014,consuming-pr-4,Defensive copy of caller-supplied read-only collection allocates unconditionally; prefer type-check + cast to mutable interface before falling back to copy,panel-miss,readonly-interface-leaks-backing-mutable-collection,catalog-updated,,,
2026-05-26T15:35:02Z,5d8819441d2bc3efb62046f12c341b6a03cf8e8b,consuming-pr-5,Two-layer outer/inner try-catch pattern repeated across DispatchSafelyAsync(Action) and OpenRecoveryDialogAsync(Func<Task>) within the same service - panel failed to apply catalog rule code-duplication-dry whose discovery signature explicitly calls out 'same try/catch/log block repeated across services'; REPEAT panel-execution failure of an already-catalogued rule (second occurrence in this session - first was PR 4 TryOpenModalAsync helper),panel-execution-failure,code-duplication-dry-repeat,catalog-strengthened,,,
2026-05-26T17:10:08Z,53108bc9d721fd068bfe4c5ca7025f4ea396ba99,consuming-pr-6,Agent ran git commit --amend + git push --force-with-lease without emitting PRE-COMMIT GATE PASSED block in same turn - bypassed mandatory user diff-approval gate per pre-commit.md/panel-policy.md §User diff-approval. Triggering condition: PR-comment-driven amendment treated as routine rather than as a new commit-producing event requiring its own diff approval. User called the violation out post-push.,process-violation,implementation-to-commit-transition-bypasses-user-approval,catalog-updated,,,
2026-05-26T17:36:47Z,58941fb9088cd1dbe384167f161a31b16da71c7a,consuming-pr-6,Copilot reviewer flagged readonly+out field as compile error inside class ctor - false positive: C# permits assignment via out inside declaring class instance ctor (ECMA-334 §15.5.3). Catalog hardened with FP-3 entry,false-positive,readonly-field-cannot-be-out-parameter-in-ctor,catalog-updated,,,
2026-05-26T22:50:00Z,a324522635c2001a5f88c5d9412bf44dbf85b126,consuming-pr-8,"Agent went straight from pre-impl panel READY (4-slot R4.2 unanimous) to git commit + git push without running the post-implementation multi-model review (post-code-change.md step 3) or emitting the POST-CODE-CHANGE LEDGER block; user prompted ""you skipped the pre commit review"" after push; a retroactive single-agent code-review caught one MEDIUM asymmetry (callback exception handling missing in RemoveDatabaseAsync that was present in ResolveImportConflictsAsync) that the design panel could not see because it reviews specs not implementations. THIRD occurrence of pre-commit-gate bypass in this series (after pre-commit-gate-bypass-on-amend in PR 6 and another silent skip earlier).",process-violation,post-impl-review-skipped-after-pre-impl-panel-ready,catalog-strengthened,,,
2026-05-27T01:54:06Z,33e4bd364c4f6bcc4967948340a430f4bca26fd1,consuming-pr-8,Interface XML summary stayed narrow after the interface was extended with new members (ILogReloadCoordinator gained HasActiveLogs + ReloadAllActiveLogsAsync; summary still described only database-removal orchestration). Panel (4 reviewers + 11-cat prompt incl. category 5 Documentation accuracy) missed it; Copilot reviewer flagged it on first push. Pattern: interface-extension XML doc staleness.,panel-miss,xml-doc-staleness-after-interface-extension,catalog-strengthened,,,
2026-05-27T02:43:15Z,33e4bd364c4f6bcc4967948340a430f4bca26fd1,consuming-pr-8,Extracted helper method inherited a comment that described the ORIGINAL site's adjacent operations (_disposed check + dispatcher call) but the extracted body has only the dispatcher call. Panel (post-impl + §2D) missed it across two rounds; Copilot caught it in PR round 4. Pattern: extraction-comment-drift.,panel-miss,comment-survives-extraction-or-rename,catalog-strengthened,,,
2026-05-27T03:07:07Z,c483f0d19099acb6243aa268ab636be6ba8ab604,consuming-pr-8,Copilot PR review flagged RemoveDatabaseAsync entry-CT-check missing (round 5); same pattern shape also present at ImportAsync + ApplyPendingTogglesAsync (sister sites) but our panel + reviewer caught only the bot-cited site initially. Self-similarity sweep on the fix round was mandated only after the user pushed back. Pattern: bot flagged 1 instance of a recurring shape; sister sites stayed unfixed across multiple amend rounds because no explicit self-similarity sweep happens in the bot-fix workflow. THIRD recurrence of incomplete-sweep failure in this PR (round 2: UpgradeDatabaseAsync; round 5: ImportAsync + ApplyPendingTogglesAsync).,panel-miss,self-similarity-sweep-incomplete-after-bot-finding,catalog-strengthened,,,
2026-05-27T03:33:48Z,6d13fc4e649566287f2e9f8fa12c91729e65f38d,consuming-pr-8,confirmRemoveAsync declared as nullable optional (Func<...>? = null) with null-default semantic = silent refusal (return NotConfirmed without invoking RemoveAsync). Asymmetric with askOverwriteAsync (null → skip-conflicts → still proceeds). Panel (4-slot pre-impl + 4-slot post-impl + 4-slot §2D mirror) all missed despite category 10 in the 11-cat prompt covering ambiguous boolean params + magic-number defaults. Bot caught it round 6. Fix: made confirmRemoveAsync required (drop = null + add ArgumentNullException.ThrowIfNull at entry). Pattern catalog updated with explicit slug.,panel-miss,nullable-optional-callback-with-surprising-no-op-default,catalog-strengthened,,,
2026-05-27T03:34:00Z,6d13fc4e649566287f2e9f8fa12c91729e65f38d,consuming-pr-8,XML summary fix applied in round 3 (commit 2a18ecce) was silently LOST during subsequent amend chain; user pushback in round 5 led to re-adding it; then it was lost AGAIN in round 6 commit 3a8ddd8d before a focused code-review caught it. Pattern: working-tree edit makes it into the agent diff view but does not make it into the next git commit object. THREE recurrences in this PR (rounds 3-4 transition + rounds 5-6 transition + round 6 self-similarity sweep regression). Likely cause: edit tool returns success but file write does not persist OR git add silently fails for some path. Mitigation added: pre-commit.md hard gate now requires staged_diff_verified field cross-checking git diff --cached against the shown-diff before the commit can proceed.,process-violation,fix-silently-lost-between-shown-diff-and-commit,catalog-strengthened,,,
2026-05-27T04:18:03Z,1cb09d2456c1c3d6bdfa1ef6ae7cb17123c34a15,consuming-pr-8,"AddEventLogRuntime DI registration extension method has XML <summary> documenting required external registrations (AddFluxor, AddEventLogFiltering, AddEventLogProviderDatabase) but the doc was not updated when PR 8 added DatabaseOperationCoordinator singleton (which depends on host-provided IFilePickerService). Downstream hosts get DI activation failure at runtime when Settings opens. Panel (4-slot pre-impl + 4-slot post-impl + 4-slot §2D mirror + 2 single-agent code-reviews) all missed despite a previously-strengthened doc-impl-mismatch interface-extension sub-case. Bot caught it round 7. Pattern: stale DI-registration-method contract doc after adding a new singleton with host-provided dependency.",panel-miss,xml-doc-staleness-on-di-registration-method-after-adding-host-dep,catalog-strengthened,,,
2026-05-27T04:30:10Z,80d8bfec8d3b1c7ccd24b152f99129ddbc48639a,consuming-pr-8,BuildImportSummary emits StringBuilder.AppendLine + bullet glyphs (multi-line format) for failure detail. Original code routed to AlertDialogService.ShowAlert (CSS white-space: pre-wrap → newlines preserved). PR 8 re-routed to IInfoBannerService.ReportInfoBanner / IErrorBannerService.ReportError. Banner CSS (banner.css:76) is white-space: nowrap + text-overflow: ellipsis → newlines collapse to spaces; multi-failure detail becomes unreadable. Panel + multiple bot rounds all missed; bot caught round 8. Pattern: output formatter built for renderer A re-routed to renderer B without re-validating renderer B can preserve the format. Fix applied: single-line FormatFailureSummary using comma separators; matches banner's single-line CSS constraint.,panel-miss,output-format-incompatible-with-new-renderer,catalog-strengthened,,,
2026-05-27T05:00:00Z,b268ccb7b7c3bc3a7ab72c3c059fd4b4a06f2b23,consuming-pr-8,SettingsModal.AskOverwriteAsync (UI callback impl) had `catch (OperationCanceledException) { return false; }` swallowing OCE and converting cancellation to Skip-this-file. The coordinator side (DatabaseOperationCoordinator.ResolveImportConflictsAsync) explicitly does `catch (OperationCanceledException) { throw; }` to let OCE bubble up to RunOperationAsync<T> which returns ImportOutcome.None on OCE (silent abort). The UI swallow broke the cross-component contract: instead of aborting the import on cancellation the conflict-resolution loop kept iterating and the import proceeded with skipped conflicts. Panel (4-slot pre-impl + 4-slot post-impl + 4-slot §2D mirror + multiple bot rounds) all missed. Bot caught round 9. Sibling instance: RemoveDatabase inline callback at SettingsModal.razor.cs:267 had the SAME pattern (self-similarity sweep caught it). Fix: removed both `catch (OperationCanceledException)` swallows. Added Runtime test `ImportAsync_OverwriteCallbackThrowsOperationCanceled_AbortsImportNoBannerAndReturnsNone` to lock the contract. Pattern catalog updated with new slug.,panel-miss,callback-swallows-exception-the-caller-expects-to-propagate,catalog-strengthened,,,
2026-05-27T05:30:00Z,327011bdf6ee0a3c8f2cca6d3e1f7c2b8e51b8e6,consuming-pr-8,DatabaseCoordinationEffects.ReloadAllActiveLogsAsync was named 'reload' (clear sequential implication of close-then-reopen) and returned Task but its body did fire-and-forget Dispatch(CloseAllLogsAction) immediately followed by Dispatch(OpenLog) per log returning Task.CompletedTask. The CloseAllLogsAction effect handler runs heavyweight async work (CancelAllLoads CancelAllReloads RemoveAllAsync cache clears) concurrently with the new OpenLog actions causing race conditions where CancelAllLoads cancels the just-dispatched OpenLog loads and RemoveAllAsync removes watchers that the new opens just registered. Sibling PrepareForDatabaseRemovalAsync had the CORRECT pattern (per-log RegisterCloseCompletion + AcquireCoordinatorLock + per-log CloseLogAction + await with timeout) yet ReloadAllActiveLogsAsync was implemented as a shortcut. Pre-impl panel + post-impl panel + multiple bot rounds missed; bot caught round 10. Fix applied: re-implemented ReloadAllActiveLogsAsync using the per-log TCS-await pattern. Updated XML doc to accurately describe sequential semantics with timeout. Added 3 new intentful tests (sequential ordering NOT bypass-able when close completion fails; lock-release on success path; lock-release on failure path).,panel-miss,dispatcher-fire-and-forget-where-completion-must-be-awaited,catalog-strengthened,,false,
2026-05-27T15:00:00Z,d5d20be,consuming-pr-8,ReloadAllActiveLogsAsync (and sibling PrepareForDatabaseRemovalAsync) registers per-log TaskCompletionSource entries before entering the wait loop. When one log times out the catch removes only the failing entry via RemoveStrandedCompletion(id); registered entries for other logs leak in the close coordinator dictionary and can interfere with subsequent coordination. Bot caught round 11. Fix applied to both methods: catch loops over all waiters and removes every stranded completion before rethrowing.,panel-miss,partial-cleanup-on-async-failure-path,catalog-strengthened,,false,
2026-05-27T15:00:30Z,d5d20be,consuming-pr-8,ApplyPendingTogglesAsync used 'if (ct.IsCancellationRequested) return;' inside the toggle loop. Mid-iteration cancellation silently returned after applying a prefix of toggles; caller awaiting the Task could not distinguish 'all complete' from 'cancelled after N of M applied'. Bot caught round 11. Fix applied: replaced early-return with ThrowIfCancellationRequested so OCE propagates and caller observes the cancellation. Added regression test verifying partial-prefix application does not happen silently.,panel-miss,silent-cancellation-via-early-return-vs-throw,catalog-strengthened,,false,
2026-05-27T15:01:00Z,d5d20be,consuming-pr-8,"PromptAndReloadOpenLogs in SettingsModal awaited ReloadAllActiveLogsAsync without try/catch. After round-10 made ReloadAllActiveLogsAsync genuinely sequential (and thus throwable), a TimeoutException or OCE from the close phase would propagate up and break the modal-close flow. Bot caught round 11. Fix applied: wrapped the await in try/catch handling OperationCanceledException and TimeoutException; both treated as soft-failures so Settings close remains robust.",panel-miss,await-throwable-async-call-without-handler-in-teardown-flow,catalog-strengthened,,false,
2026-05-27T15:30:00Z,b53d0fa,consuming-pr-8,"DatabaseOperationCoordinator RunOperationAsync wrappers logged exceptions as _logger.Warning($""...: {ex.Message}""). ex.Message drops stack and InnerException making field diagnostics impossible. 4 affected log call sites in coordinator. Banner messages (user-facing) correctly continue to use ex.Message; only diagnostic logger sinks need full ex. Bot caught round 12. Fix: replaced ex.Message with ex in all 4 _logger.Warning sites (kept ex.Message in _errorBanners.ReportError user-facing messages).",panel-miss,log-exception-via-message-loses-stack-and-inner-context,catalog-strengthened,,false,
2026-05-27T15:30:30Z,b53d0fa,consuming-pr-8,ReloadAllActiveLogsAsync round-10/11 fix threw immediately on close failure without attempting best-effort reopen. After dispatching CloseLogAction for all snapshotted logs the close phase could fail mid-way; rethrowing without reopen left the UI in 'all closed none reopened' state. Bot caught round 12. Fix: deferred the throw via a local Exception variable and always run the OpenLog reopen loop after the close-await loop; throw the deferred close failure AFTER the best-effort reopen attempt. Reopen uses CancellationToken.None so a cancelled token does not skip the restoration. Extended partial-cleanup-on-async-failure-path slug to cover state-restoration requirement.,panel-miss,partial-cleanup-on-async-failure-path,catalog-strengthened,,true,
2026-05-27T15:31:00Z,b53d0fa,consuming-pr-8,SettingsModal PromptAndReloadOpenLogs round-11 fix swallowed OperationCanceledException AND TimeoutException silently with no logging. OCE swallow is acceptable (cancellation expected during teardown) but Timeout represents a real failure (close pipeline hung 30s) and operators investigating 'reload silently did nothing' had no diagnostic trail. Bot caught round 12. Fix: split catch into OperationCanceledException (silent swallow) and TimeoutException (Log via newly-injected ITraceLogger as TraceLogger property with full ex). Extended await-throwable-async-call-without-handler-in-teardown-flow slug to require at-minimum-log when swallowing non-OCE.,panel-miss,await-throwable-async-call-without-handler-in-teardown-flow,catalog-strengthened,,true,
2026-05-27T15:55:00Z,daff735,consuming-pr-8,ReloadAllActiveLogsAsync round-12 deferred-throw pattern stored exception in Exception? deferredCloseFailure local + rethrew via throw deferredCloseFailure. CLR semantics: throw <variable> resets Exception.StackTrace to the rethrow site losing the original throw point (the WaitAsync timeout). Operators see the rethrow line not the actual fault line. Bot caught round 13. Fix applied: changed local to ExceptionDispatchInfo? and used ExceptionDispatchInfo.Capture(ex) + deferredEx?.Throw() per the reference pattern in FilterService.cs. Preserves original stack trace through deferred rethrow.,panel-miss,deferred-throw-resets-stack-trace-use-exceptiondispatchinfo,catalog-strengthened,,false,
2026-05-27T16:10:00Z,2a37ddc,consuming-pr-8,PrepareForDatabaseRemovalAsync dispatched CloseLogAction for all active logs upfront (parallel dispatch) and added each log to the caller-owned LogReopenSnapshot only AFTER its WaitAsync succeeded. On the first close timeout/cancel the method threw - but CloseLogAction had already reduced each log out of ActiveLogs. Logs whose dispatched-close completion was still in-flight (or already completed but not yet awaited) ended up closed yet missing from the snapshot. The caller (RemoveDatabaseAsync) reopens snapshot.Items only - so those mid-flight logs were silently dropped. The previous round-12 catalog enhancement explicitly listed PrepareForDatabaseRemovalAsync as an acceptable case (caller-snapshot exists) which was false comfort. Bot caught round 14. Fix applied: catch block adds ALL waiters (deduped via HashSet) to the snapshot before rethrowing so the caller's reopen covers everything that was dispatched. Catalog acceptable-clause tightened to require synchronous snapshot population per iteration OR catch-block snapshot expansion on failure.,panel-miss,partial-cleanup-on-async-failure-path,catalog-strengthened,,true,
2026-05-27T16:30:00Z,81ecfa6,consuming-pr-8,BuildImportSummary composed user-facing banner text by concatenating the lowercase fragment 'failed: db.db (reason)' (produced by FormatFailureSummary) after either '; ' (semicolon - grammatical) or '. ' (period - UNGRAMMATICAL because the next sentence should start capitalized). The zero-imported case produced 'No databases were imported. failed: ...' which reads as a broken sentence to end users. Bot caught round 15. Fix applied: changed the zero-imported case from period to semicolon: 'No databases were imported; failed: ...' which is grammatical (semicolon connects two independent clauses without case-change). Added focused test BuildImportSummary_AllFailedZeroImported_MessageJoinsWithSemicolonNotPeriodToPreserveLowercaseFragment locking the new contract. Catalog gets new slug user-facing-text-fragment-case-mismatch-on-concatenation.,panel-miss,user-facing-text-fragment-case-mismatch-on-concatenation,catalog-strengthened,,false,
2026-05-27T16:45:00Z,fdc599e,consuming-pr-8,ResolveImportConflictsAsync outer foreach over sourcePaths and inner foreach over candidateNames had no per-iteration cancellation token checks. Cancellation was observed only when (a) the path was a zip (awaiting EnumerateZipDbEntryNamesAsync) or (b) askOverwriteAsync was non-null and the callback itself honored CT. For non-zip paths with askOverwriteAsync=null the method iterated to completion regardless of cancellation. Entry-CT-throw was present (round 2 fix) but was insufficient by itself for long-running loops. Cancellation-handling has been an ongoing PR-8 hotspot (rounds 2 entry-throw + 5 self-similarity sweep + 6 PrepareForDatabaseRemovalAsync entry + 11 ApplyPendingToggles silent-return + 16 missing-loop-CT-check) - 5 rounds before this pattern was added to the catalog. Bot caught round 16. Fix applied: added cancellationToken.ThrowIfCancellationRequested at the start of each loop iteration. New slug async-loop-no-intermediate-cancellation-check (HIGH tier) covers the gap.,panel-miss,async-loop-no-intermediate-cancellation-check,catalog-strengthened,,false,
2026-05-27T16:45:30Z,fdc599e,consuming-pr-8,"Meta-process violation: when bot findings revealed missing-gap catalog rules across PR-8 rounds 6 8 9 10 11 12 13 15 16, the agent added/enhanced the rule but did NOT trigger a full-scan of the active diff against the new rule. Consequence: the same PR carried multiple instances of the new pattern that the bot surfaced one-by-one across subsequent rounds (cancellation-handling alone took 5 rounds; partial-cleanup-on-async-failure took 3 rounds). User explicitly called out 'we have done 2-3 amends related to this' in round 16. Fix applied: new HIGH-tier slug full-scan-against-new-rule-not-triggered-after-bot-finding (catalog) + new HARD GATE AGENTS.md sect 1A.3 + new full_scan_results required field in PRE-COMMIT GATE PASSED block + pre-commit.md playbook updated with field definition. Process now: catalog edit triggers immediate full-scan of new rule's audit-method against entire PR diff with gap inventory in the gate block.",process-violation,full-scan-against-new-rule-not-triggered-after-bot-finding,catalog-strengthened,,true,
2026-05-27T17:41:06Z,48668c600d171c670e68141120864392b9a17e18,consuming-pr-9,"Agent transitioned from Phase 1 implementation (bUnit test passing, lint clean, PR-quality-gate ack block emitted) directly to git add + git commit + git push --force-with-lease to a new origin branch without ANY ask_user invocation. Bypassed §0 git add, git commit, and git push gates simultaneously. User pushback verbatim: 'never gave approval to git add or git commit, why are we doing this again, please fix the instructions'. THIRD occurrence of pre-commit-gate bypass in the SoC series (PR 6 amend, PR 8 post-impl-skip, PR 9 fresh-impl). Root cause: agent's mental model treats PR-quality-gate ack block emission as sufficient gate-passage; does not distinguish catalog (mechanical) gate from §0 (human) gate. Fix applied: AGENTS.md READ FIRST line now explicitly cites §0; AGENTS.md §0 gains dual-gate distinction callout + PRE-GIT SENTINEL phase-transition checkpoint + new git push (non-force) sub-section covering first push of a new branch; new HIGH-tier catalog slug implementation-to-commit-transition-bypasses-user-approval (now 24 HIGH-tier slugs, must be acknowledged on every commit going forward).",process-violation,implementation-to-commit-transition-bypasses-user-approval,catalog-strengthened,,true,
2026-05-28T18:40:27Z,ad95944,consuming-pr-10,"Post-Code-Change LEDGER claimed '73 new comment lines all WCAG/contract/test-rationale/design-rationale (no vestigial comments)' as a summary assertion, then user rejected diff approval with 'comment viloations' (typo for violations). Investigation found ~26 narrative comments violating §3.1 'Only comment code that needs a bit of clarification': test-narrative blocks restating what tests assert (10 across ToggleTests/OptionSelectTests/ValueSelectTests/TextInputTests/FilterRowChromeTests/DatabaseEntryRowTests), design-rationale duplicated across CSS files (Slot 3 X+ plan / segmented-control narrative / AAA-vs-AA discussion), user-elected-deferred commit-1/commit-2 jargon in DatabaseToolsTab XML doc, EffectiveAriaLabel XML doc duplicating its one-line body, stale Razor @* comment in DatabaseToolsModal referencing 'dropdown' (control was renamed OptionSelect). Fix applied: condensed/removed comments; diff went 73167 → 65769 bytes (-10.1%). Comment-audit cleanup gated by focused rubber-duck R3 pass on comment-only delta. Distinct from per-comment-justification requirement: gate block needs to ENUMERATE each new comment with one-line defense rather than summary claim 'all comments are defensible'.",panel-miss,comment-necessity-audit-claims-clean-without-per-comment-justification,catalog-strengthened,,true,
2026-05-28T18:40:28Z,ad95944,consuming-pr-10,HARD GATE WORKING-AS-DESIGNED: staged_diff_verified cross-check (introduced after PR 8 round 6 lost-fix incident) CAUGHT a real divergence between the diff the user approved (sha256 5C494C0D) and the staged content at commit-time (sha256 A8BC019E). 179-byte divergence: user inline-edited InputComponent.cs Values property 'default!' → 'null!' during the approval window (between agent capturing shown-diff at 13:21 and capturing staged-diff at 13:31). Agent surfaced the delta to user via ask_user before committing rather than committing silently. User confirmed include (semantic-equivalent reference-type initialization idiom). Outcome: committed at 1ecdb599 with explicit documented_delta in PRE-COMMIT GATE PASSED block. No catalog change needed - this is documentation that the existing HARD GATE caught a real (user-introduced) divergence and the agent honored the gate instead of bypassing.,process-confirmation,staged-diff-verified-hard-gate-caught-divergence,catalog-validated,,true,
2026-05-29T10:06:19Z,cc14b89,consuming-pr-553,Event Action declared non-nullable but impl uses Action? - nullable mismatch under TreatWarningsAsErrors,panel-miss,doc-impl-mismatch,catalog-ext,no,no,
2026-05-29T10:06:19Z,cc14b89,consuming-pr-553,Block lambda @onclick drops Task from EventCallback.InvokeAsync,panel-miss,razor-lambda-eventcallback-drops-task,catalog-new,no,no,
2026-05-29T10:06:19Z,cc14b89,consuming-pr-553,Block lambda @onclick drops Task - retry handler,panel-miss,razor-lambda-eventcallback-drops-task,catalog-new,no,no,
2026-05-29T10:06:19Z,cc14b89,consuming-pr-553,Block lambda @onclick drops Task - restore handler,panel-miss,razor-lambda-eventcallback-drops-task,catalog-new,no,no,
2026-05-29T10:06:19Z,cc14b89,consuming-pr-553,AttentionBanner still calls OpenSettingsAsync after extraction refactor,panel-miss,doc-impl-mismatch,catalog-ext,no,no,
2026-05-29T10:06:19Z,cc14b89,consuming-pr-555,OnRemoveClick wrapper drops Task from OnRemove.InvokeAsync,panel-miss,razor-lambda-eventcallback-drops-task,catalog-new,no,no,
2026-05-29T10:06:19Z,cc14b89,consuming-pr-555,Cancel button progress.Cancel() invoked without try/catch fault isolation,panel-miss,event-completion-fault-isolation,catalog-ext,no,no,
2026-05-29T10:06:19Z,cc14b89,consuming-pr-555,MoveNext/MovePrev race vs OnFacetChanged from background upgrade thread,panel-miss,race-condition-thread-safety,catalog-existing,no,no,
2026-05-29T10:06:19Z,cc14b89,consuming-pr-556,RemoveDatabasesAsync unconditionally clears _selectedForRemoval - single-row Remove wipes bulk selection,panel-miss,shared-helper-overwrites-caller-scoped-state,catalog-new,no,no,
2026-05-29T11:04:27Z,cc14b89,consuming-pr-553,Import overwrite of active DB does not trigger reload prompt - HasDatabaseStateChanged misses content changes,panel-miss,post-refactor-state-tracking-loss-of-sticky-flag,catalog-new,no,no,
2026-05-29T11:04:27Z,cc14b89,consuming-pr-555,Restore button click guard uses only IsUpgradeBlocked - misses per-row UpgradeProgress signal,panel-miss,guard-predicate-incomplete-after-multi-signal-redesign,catalog-new,no,no,
2026-05-29T11:04:27Z,cc14b89,consuming-pr-556,Remove confirmation lost close-and-reopen warning after replacing callback with static delegate,panel-miss,user-facing-message-content-regression-after-callback-extraction,catalog-new,no,no,
2026-05-29T11:04:27Z,cc14b89,consuming-pr-556,Bulk removal per-file failure reasons collected into list but only count announced,panel-miss,failure-detail-collected-but-not-surfaced,catalog-new,no,no,
2026-05-29T12:02:34Z,cc14b89,consuming-pr-553,ManageDatabasesTab passes IsUpgradeBlocked narrowed to exclude in-flight row - Restore button on BackupExists row is not aria-disabled,panel-miss,parent-prop-narrowing-occludes-modal-wide-signal,catalog-new,no,no,
2026-05-29T12:02:34Z,cc14b89,consuming-pr-553,Retry button block lambda drops Task on pr9 branch - fix landed on pr10-bcd but never propagated down,panel-miss,stacked-pr-fix-propagation-gap-during-rebase,catalog-new,no,no,
2026-05-29T12:02:34Z,cc14b89,consuming-pr-553,Restore button block lambda drops Task on pr9 branch - fix landed on pr10-bcd but never propagated down,panel-miss,stacked-pr-fix-propagation-gap-during-rebase,catalog-new,no,no,
2026-06-01T18:00:00Z,63334ea319b4f99d5b529403c0182cd69a5c9328,consuming-pr-1,AddOrReturnExistingFilter INSERT OR IGNORE then collision-branch SELECT on same connection without enclosing transaction (race vs concurrent DELETE),panel-miss,sqlite-transactional-coupling-for-dependent-statements,catalog-new,,,
2026-06-01T18:00:00Z,63334ea319b4f99d5b529403c0182cd69a5c9328,consuming-pr-1,Fluxor effect projected snapshot used naive Add then passed to count-based prune helper; paired upsert-shape reducer made snapshot inflate by one under concurrent dispatch,panel-miss,fluxor-effect-projected-snapshot-not-idempotent-vs-reducer,catalog-new,,,
2026-06-02T22:14:00Z,1c37c91775ce90cf0cb148f3f0c482e4678673f6,consuming-pr-564,"NSubstitute test helper made standalone _menuService.OpenAt(Arg.Any...) call outside a When/Returns/Do context - recorded as real invocation polluting Received() call history. Bot iter 1 fix: delete the standalone call; WhenForAnyArgs(s => s.OpenAt(default, ...)).Do(callback) is sufficient setup.",panel-miss,nsubstitute-extraneous-arg-any-call-pollutes-received-history,catalog-new,no,no,
2026-06-02T22:14:00Z,1c37c91775ce90cf0cb148f3f0c482e4678673f6,consuming-pr-564,"JS interop attach/detach asymmetry - OnAfterRenderAsync gated attach on tablist-rendered state and reset _tabKeyShimAttached=false on state-flip but never called JS detach. WeakMap-shim self-cleans via GC but contract was asymmetric. Bot iter 2 fix: add explicit detach call before flag reset with same JSDisconnectedException/JSException swallowing as attach branch.",panel-miss,js-interop-attach-without-symmetric-detach,catalog-new,no,no,
2026-06-02T22:14:00Z,1c37c91775ce90cf0cb148f3f0c482e4678673f6,consuming-pr-564,"Multi-rung focus cascade preemptively cleared _pendingFocusToActiveTab=false BEFORE attempting tab-button SafelyAsync - if tab ref missing or SafelyAsync swallowed exception, no active-tab fallback fired in same render. §2D Round 2 Slot 5 verified ROW-focus cascade but missed TAB-focus cascade. Bot iter 3 fix: use TrySafelyAsync returning bool, set fallback flag to !focused, restructure else-if as independent if (!focused && ...) so cascade chains in same render.",panel-miss,multi-rung-focus-cascade-preemptive-flag-clear,catalog-new,no,no,
2026-06-02T22:14:00Z,1c37c91775ce90cf0cb148f3f0c482e4678673f6,consuming-pr-564,"Positional record AddToPresetIntent override Filter property with { get; } (no init) - applying record-non-nullable-ctor-validation fix preserved validation but shadowed auto-generated init setter, breaking with { Filter = ... } at compile time. Symmetric concern with existing record-non-nullable-ctor-validation slug. Bot iter 4 fix: add init; to property override ({ get; init; } retains both validation on construction AND with-mutation support).",panel-miss,positional-record-property-override-without-init-breaks-with,catalog-new,no,no,
2026-06-02T22:14:00Z,1c37c91775ce90cf0cb148f3f0c482e4678673f6,consuming-pr-564,"Test comment block claimed verification via reflection-based count and NSubstitute subscriber-count introspection - but the actual oracle was simpler (raise event after Dispose; no-exception = unsubscribed via bUnit's disposed-renderer guard). 7 lines of misleading comments. Sub-case of code-comment-mismatch specific to test patterns. Bot iter 5 fix: pure deletion per §3.1 deletion-exempt; test name + Raise.Event body are self-documenting.",panel-miss,test-comment-claims-mechanism-test-doesnt-use,catalog-new,no,no,
2026-06-06T17:35:00Z,0dbb660bb021e94fe674997a65ed7bda5b652602,consuming-pr-11,"aria-controls referenced an element id rendered only inside a conditional block; reference dangles when the target is collapsed or absent",panel-miss,aria-controls-dangling-conditional-target,catalog-new,none,false,
2026-06-06T17:35:00Z,0dbb660bb021e94fe674997a65ed7bda5b652602,consuming-pr-11,"combobox aria-expanded bound to a state flag while the listbox renders only when suggestions exist; advertises expanded=true with no popup in the DOM",panel-miss,aria-expanded-without-rendered-popup,catalog-new,none,false,
2026-06-06T17:35:00Z,0dbb660bb021e94fe674997a65ed7bda5b652602,consuming-pr-11,"a combobox input was a direct child of a role=list container alongside chip listitems; invalid ARIA list structure",panel-miss,aria-list-listitem-structure,catalog-new,none,false,
2026-06-06T17:35:00Z,0dbb660bb021e94fe674997a65ed7bda5b652602,consuming-pr-11,"programmatic smooth scrollIntoView with no prefers-reduced-motion fallback",panel-miss,reduced-motion-not-honored,catalog-new,none,false,
2026-06-06T17:35:00Z,0dbb660bb021e94fe674997a65ed7bda5b652602,consuming-pr-11,"an icon glyph class referenced did not exist in the pinned icon-font version and rendered blank",panel-miss,library-symbol-missing-at-pinned-version,catalog-new,none,false,
2026-06-06T17:35:00Z,0dbb660bb021e94fe674997a65ed7bda5b652602,consuming-pr-11,"create-path name-collision validation checked all entries cross-kind while the rename-path checked same-kind only; divergent invariant for one concept",panel-miss,cross-path-invariant-divergence,catalog-new,none,false,
2026-06-06T17:35:00Z,0dbb660bb021e94fe674997a65ed7bda5b652602,consuming-pr-11,"a validation-error background used a hard-coded rgba literal instead of the existing semantic color token; wrong in dark mode",panel-miss,css-hardcoded-theme-value-vs-token,catalog-new,none,false,
2026-06-06T17:35:00Z,0dbb660bb021e94fe674997a65ed7bda5b652602,consuming-pr-11,"an enum-stringification test asserted on nameof(member) instead of the runtime ToString() the component actually emits",panel-miss,test-asserts-proxy-not-runtime-value,catalog-new,none,false,
2026-06-06T17:35:00Z,0dbb660bb021e94fe674997a65ed7bda5b652602,consuming-pr-11,"a source-scanning invariant test matched only the bare attribute form and missed the @-prefixed expression form, letting violating sites pass",panel-miss,source-scan-regex-too-narrow,catalog-new,none,false,
2026-06-06T17:35:00Z,0dbb660bb021e94fe674997a65ed7bda5b652602,consuming-pr-11,"multiple new text inputs lacked an aria-label (label absence, not polarity); catalog aria coverage existed but the panel did not apply it per-control across a large diff",panel-execution-failure,aria-binding,catalog-existing,none,false,
2026-06-06T17:35:00Z,0dbb660bb021e94fe674997a65ed7bda5b652602,consuming-pr-11,"tag usage counts recomputed per-tag by re-scanning all entries on every render (O(n*m)); performance rule present in base instructions but not applied",panel-execution-failure,perf-batching,catalog-existing,none,true,
2026-06-06T17:35:00Z,0dbb660bb021e94fe674997a65ed7bda5b652602,consuming-pr-11,"tab next/prev index advance lacked an explicit lower-bound guard; high-frequency catalog bounds rule existed but the panel did not apply it",panel-execution-failure,bounds-empty-collection,catalog-existing,none,false,
2026-06-06T17:35:00Z,0dbb660bb021e94fe674997a65ed7bda5b652602,consuming-pr-11,"a dropdown row label reimplemented an existing label-formatting helper inline; DRY-remediation HARD GATE in base instructions but the panel did not apply it",panel-execution-failure,code-duplication-dry,catalog-existing,none,true,
2026-06-07T00:50:00Z,0beba203b28ccee9ab72de6f109c7ffe60ab4795,consuming-pr-12,"circuit-breaker 'delete unloadable rows unless systemic' used totalRows (incl. kept unknown-kind forward-version rows) as the ratio denominator; out-of-domain rows diluted the ratio and suppressed the guard, allowing deletion of unloadable known-kind rows in a forward-version scenario",panel-miss,destructive-threshold-denominator-includes-out-of-domain-items,catalog-new,none,false,
2026-06-07T01:47:00Z,8f293f5afbc4a4708af9fb6feb3fa66db443fd63,consuming-pr-12,"per-element loop-invariant collection-building call recomputed inside a LINQ predicate lambda (Outer(e, Inner(set))) giving O(N*M); the existing n-squared-selection-scan catalog query matched only foreach-over-selected, so the LINQ-lambda variant slipped the preflight",panel-miss,loop-invariant-call-in-linq-lambda,catalog-new,none,false,
2026-06-07T01:47:00Z,8f293f5afbc4a4708af9fb6feb3fa66db443fd63,consuming-pr-12,"a new public interface member shipped with no XML doc while its sibling members were documented; the doc-impl-mismatch pattern checked existing docs for accuracy but had no check for missing docs on new public surface",panel-miss,new-public-member-missing-doc,catalog-new,none,false,
2026-06-07T01:47:00Z,8f293f5afbc4a4708af9fb6feb3fa66db443fd63,consuming-pr-12,"a reconcile/prune sweep over a dictionary of component refs removed entries only when the key left the live set, missing entries whose stored value was nulled while the key stayed live, so dangling entries accumulated across the session",panel-miss,incomplete-cleanup-predicate-leaks-dangling-entries,catalog-new,none,false,
2026-06-12T23:55:20Z,ce9e2513d84ecc5fa82580302c505c2ac2272a0e,instr-pr-1,"Copilot reviewer flagged 5 instruction-doc refs using a wrong .github subdirectory prefix (e.g. playbooks/X.md missing .github/) or a bare workflow X.yml; fixed inline. A broad review-pass slug was drafted but DROPPED as over-broad (it would false-positive on the established bare-leaf playbook/policy/script reference convention used 40+ times across the corpus); proper fix is a check-playbook-refs.ps1 enhancement to detect wrong-prefix/unresolvable refs (machinery, deferred to Batch E)",panel-miss,,pending,none,false,
2026-06-13T00:22:06Z,f200f0479862152a398770fc70e9d581842d18ea,instr-pr-1,"Copilot reviewer flagged a non-runnable inline PowerShell snippet in the maintenance playbook (-replace CRLF,LF used CRLF/LF as bare tokens instead of escape sequences); fixed. Reveals the existing doc-impl-mismatch slug does not explicitly cover runnable code/command examples in instruction docs; proposed fix = extend doc-impl-mismatch (catalog-ext, deferred to Batch E)",panel-miss,doc-impl-mismatch,catalog-ext,none,false,
2026-06-13T00:59:54Z,f200f0479862152a398770fc70e9d581842d18ea,instr-pr-1,"Copilot reviewer flagged the new read-receipt-token comment-audit exemption as applying to ALL file types (matched by content marker only), a bypass vector in .razor/.cshtml/.html/.xml where <!-- is also a comment token; scoped the exemption to markdown-only + added a regression test asserting non-md <!-- comments stay flagged. General lesson: a coverage/security check exemption must be guarded by the file-type/context allowlist where the marker is actually emitted (proposed slug deferred to a Batch E panel)",panel-miss,coverage-check-exemption-not-context-scoped,catalog-new,none,false,
2026-06-13T01:14:56Z,f200f0479862152a398770fc70e9d581842d18ea,instr-pr-1,"Follow-up review round flagged the same read-receipt-token comment-audit exemption as under-anchored: the regex matched any line starting with the marker, so an unclosed opener or trailing text after the closer could still bypass the comment-audit count. Tightened to require the full closed single-line form (exactly an 8-hex token plus the --> closer, end-anchored) + added regression tests for the malformed variants. General lesson sibling to the context-scope miss: a coverage/security-check exemption pattern must be fully anchored (require the terminator, reject trailing content), not just prefix-matched (proposed slug deferred to a Batch E panel)",panel-miss,coverage-check-exemption-under-anchored,catalog-new,none,false,
2026-06-13T03:32:49Z,670a571c5882a51221749cf4aed30c35307d3218,instr-pr-2,"Copilot reviewer on the de-projectify PR flagged residual internal inconsistencies the token-rename pass left: a renamed identifier (WidgetNames) next to un-renamed sibling terms (XLog* in the same example), stale domain-noun prose (active databases) around a renamed interface, and in-this-repo phrasing implying a placeholder solution file exists. Lesson for de-projectify/maintenance: when genericizing an identifier, also genericize sibling terms in the SAME example + surrounding prose nouns + strip existence-implying phrasing; a future check-project-refs enhancement could diff renamed-token examples for sibling-term drift",panel-miss,deprojectify-rename-leaves-inconsistent-example-or-stale-prose,catalog-new,none,false,
2026-06-13T03:41:24Z,670a571c5882a51221749cf4aed30c35307d3218,instr-pr-2,"Round-2 recurrence of the de-projectify-hygiene class: genericizing a project ref left content that only made sense for the original specific (README validation step kept which had ~46 findings + 7 FPs after the PR number was generalized - now orphaned/non-actionable) and an example that no longer matched the canonical format used elsewhere in the same doc (pre-pr-push SSH greeting user@github.com vs the Hi <username>! format in the SSH-verification row above). Reinforces the deferred check-project-refs enhancement: after a de-projectify rename, re-read the surrounding sentence for orphaned specifics + cross-check sibling/canonical formats in the same file",panel-miss,deprojectify-rename-leaves-inconsistent-example-or-stale-prose,catalog-new,none,false,
2026-06-13T04:40:45Z,670a571c5882a51221749cf4aed30c35307d3218,instr-pr-2,"Round-3 recurrence of the de-projectify-hygiene class: (a) a commit-message BAD example still said lazy tags after its sibling rows were genericized to CategoryDisplayName (sibling-term drift, same as rounds 1-2); (b) NEW sub-mode - after claiming in the PR/playbook that the consuming-pr-N token survives only in the data ledger, two shipped-prose spots (panel-policy -PrRef schema example consuming-pr-<N> and the maintenance-playbook csv-exception bullet) still printed the token, contradicting the confinement claim. Lesson: a confinement/scope CLAIM about an identifier must itself be grep-verified (the claim is falsified if the token appears anywhere the claim excludes); and genericized prose must not re-print the very token it says is data-only. Reinforces the deferred check-project-refs enhancement",panel-miss,deprojectify-rename-leaves-inconsistent-example-or-stale-prose,catalog-new,none,false,
2026-06-14T03:11:40Z,adf4487e03b388528cd3b9893ba61148cbe9daeb,instr-pr-4,"A script uses the PS6+ automatic variable $IsWindows for an OS check without a PS-version short-circuit, so it throws under StrictMode on Windows PowerShell 5.1",panel-miss,ps-iswindows-undefined-under-strictmode-5.1,catalog-new,none,false,
2026-06-14T03:11:40Z,adf4487e03b388528cd3b9893ba61148cbe9daeb,instr-pr-4,"A CI step suppresses git stderr (2>$null) and does not check $LASTEXITCODE, so a failed fetch/rev-list leaves the commit list empty and the hard-gate job passes without running the checker",panel-miss,ci-step-fail-open-on-suppressed-git-error,catalog-new,none,false,
2026-06-14T03:11:40Z,adf4487e03b388528cd3b9893ba61148cbe9daeb,instr-pr-4,"A delimited registry/config parser does not detect duplicate key rows, so a duplicate silently overrides the intended wiring instead of failing loud",panel-miss,registry-parser-no-duplicate-key-detection,catalog-new,none,false,
2026-06-14T03:11:40Z,adf4487e03b388528cd3b9893ba61148cbe9daeb,instr-pr-4,"A cross-store parity check compares only the keys and not the mapped values, so an entry wired to the wrong target still passes",panel-miss,parity-compares-keys-not-mapped-values,catalog-new,none,false,
2026-06-14T03:11:40Z,adf4487e03b388528cd3b9893ba61148cbe9daeb,instr-pr-4,"A code comment references a sibling script/file that does not exist in this repo/branch, making the rationale unverifiable for maintainers",panel-miss,comment-refs-nonexistent-sibling-file,catalog-new,none,false,
2026-06-14T04:34:47Z,520173efaa2043ab822e8666a089426f81a97fc7,instr-pr-5,"Agent committed a non-compliant commit message (Co-authored-by trailer, conflicting with pre-commit.md) during PR #4; only an agent self-report guarded it, so a fresh session would repeat it.",process-violation,commit-message-format-checker-missing,fixed: scripts/check-commit-message.ps1 + required pr-gate-check job,yes (in-session correction during PR #4),yes (AGENTS.md sec2 / pre-commit.md - prose-only until now),
2026-06-14T04:34:47Z,520173efaa2043ab822e8666a089426f81a97fc7,instr-pr-5,"Agent missed CI-only checks (generated catalog not regenerated, README 30KB cap) before pushing PR #4, costing CI rounds; no local mirror enumerated/ran every workflow check pre-push.",process-violation,local-ci-mirror-missing,fixed: scripts/run-local-ci.ps1 + local-ci-coverage gate,yes (in-session correction during PR #4),no (new mechanical loop-tightener; pre-pr-push.md pointer added),
2026-06-14T16:12:55Z,520173efaa2043ab822e8666a089426f81a97fc7,instr-pr-5,"Agent ran git add -A this session, auto-staging code instead of letting the user stage as the review signal; the old AGENTS.md model had the agent drive staging, so a fresh agent would repeat it.",process-violation,agent-auto-staging-bypasses-user-review,fixed: AGENTS.md sec0 + pre-commit.md inverted staging model (the user stages; agent stages only artifacts; commit-approval prints the enumerated staged set),no (model was agent-stages until this change),yes (AGENTS.md sec0 git add - now inverted),
2026-06-14T17:28:53Z,3f67101f9764742035d7b224dea46b1ef01d0660,instr-pr-5,"Diff-review panel caught 5 stale consumers a model-inversion (git-add gate) sweep omitted: .github/pr-quality-gate/README.md (pre_git_add_user_approval field), playbooks/manifest.yaml (stage only touched files), the PRE-GIT SENTINEL template + catalog slug step-3 (user_diff_approval:pending not the scope-marker), and review-workflow-gates.md overclaim. A semantic-rename sweep must enumerate secondary surfaces: README/design-doc schemas, manifest.yaml descriptions, catalog slug step-text, sentinel/ledger TEMPLATE field values, and all mechanical-guarantee phrasing variants - not just the obvious rule files.",process-violation,rename-sweep-omits-secondary-surfaces,catalog-new,partial (primary files swept; secondary surfaces missed),yes (AGENTS sec3.6 search-first/comprehensive-over-sampled),
2026-06-14T17:28:53Z,3f67101f9764742035d7b224dea46b1ef01d0660,instr-pr-5,"check-commit-message.ps1 -MessageFile mode (new) lacked the blank-second-line no-body test that range-mode already had; a wrapper .Trim(LF) pre-stripped trailing newlines so 'Subject\n\n' wrongly PASSED strict no-body. When adding a second mode/path to a checker, mirror the existing mode's edge-case tests onto the new path.",panel-miss,new-mode-omits-sibling-mode-edge-tests,catalog-new,none,no (new test-parity guidance),
2026-06-14T18:26:02Z,e35fde32a6e6cbb686a690d85451d8dfd927fc4e,instr-pr-5,"Copilot bot caught a coverage-gate bypass the full panel missed: run-local-ci.ps1 Test-ScriptInvocation matched a scripts/...ps1 path ANYWHERE in a command (regex (?:^|\s)), so 'echo scripts/foo.ps1' / 'cat scripts/foo.sh' (path as a non-executed argument) falsely counted as a script invocation, letting -CoverageOnly pass without the workflow running the check. A gate matcher must anchor to the EXECUTED command (start-of-line or after an interpreter+flags), not match a token anywhere in the line.",panel-miss,matcher-matches-token-anywhere-not-anchored,catalog-new,none,no (new gate-design guidance),
2026-06-14T18:26:02Z,e35fde32a6e6cbb686a690d85451d8dfd927fc4e,instr-pr-5,"The em-dash/en-dash ban (§3.14) has NO CI enforcement, so violations accumulate undetected: a repo census found 1442 em + 27 en dashes across 62 non-grandfathered files (incl. instruction/playbook/script files). Bot flagged em-dash literals in the new tolerance regex [-emdash] and test fixtures; correct form is a Unicode escape [-\u2014] (regex) or [char]0x2014 (test) so banned chars are matched/tested without embedding a literal. Root cause is missing machinery - a check-no-smart-punctuation CI gate (excluding the grandfathered catalog) would catch all of these mechanically.",panel-miss,em-dash-ban-unenforced-no-ci-gate,partial: purged the 5 in-PR files + fixed regex/test literals; 54-file backlog + a CI gate remain (surfaced to user),yes (prior batch purged some docs; ban is prose-only),"yes (AGENTS.md §3.14 - prose-only, no checker)",
2026-06-14T19:19:40Z,738f963756cbff0a0c745071d3522d2f63ac94f9,instr-pr-5,"Copilot bot caught a vacuous-truth exemption: check-commit-message.ps1 Get-MessageFindings exempted any subject starting with the Revert-quote prefix when ALL body lines matched the revert template, but an EMPTY body vacuously satisfies all-match, so a single-line Revert subject with a trailing period was fully exempt and bypassed trailing-period / subject-too-long. Fix: require at least one real This-reverts-commit-hex line (hasEvidence flag) before exempting.",panel-miss,vacuous-all-match-exemption-fires-on-empty-evidence,catalog-new,none,no,
2026-06-14T19:19:40Z,738f963756cbff0a0c745071d3522d2f63ac94f9,instr-pr-5,"Copilot bot caught a diagnostic-vs-behavior mismatch: run-local-ci.ps1 Test-MirrorCoverage rejects a tab ANYWHERE on a line but the message said tab in indentation is not supported, misleading triage for a tab inside a run string. Fix: message now states tabs are unsupported anywhere (column-based scan).",panel-miss,doc-impl-mismatch,catalog-existing (message-vs-behavior doc-impl-mismatch),none,no,
2026-06-14T19:36:48Z,0705390874777b10aa9f2a905af240505709d01b,instr-pr-5,"Copilot bot caught a fail-open exit code: check-sync-parity.ps1 exited ExitEnv (2, the run-local-ci SKIP code) when the pwsh sync GENERATOR itself failed, masking a real failure as an environment skip. Exit 2 must be reserved for the bash-side-cannot-run case. Fix: added ExitFail=3 (non-skippable) for the generator-failure path; contract doc updated; dogfood-probed (forced generator failure now exits 3 not 2).",panel-miss,failure-path-exits-skippable-code-bypassing-gate,catalog-new,none,no,
2026-06-15T01:39:48Z,72cd8a6da7563ebece5947a0a9e4449ad31a4342,instr-pr-7,"Checker scripts defaulted RepoRoot to cwd, so invoking from a non-root directory scanned the wrong tree and could silently false-pass instead of resolving the repo root fail-closed",panel-miss,checker-repo-root-defaults-to-cwd-false-pass,catalog-new,none,no,
2026-06-15T01:39:48Z,72cd8a6da7563ebece5947a0a9e4449ad31a4342,instr-pr-7,"Repository checks tested .git as a directory, which breaks linked git worktrees where .git is a file; use git rev-parse --git-dir instead",panel-miss,dotgit-directory-check-breaks-linked-worktrees,catalog-new,none,no,
2026-06-15T01:39:48Z,72cd8a6da7563ebece5947a0a9e4449ad31a4342,instr-pr-7,"A scanner with optional roots could scan zero items and pass; coverage scanners need an anti-vacuous minimum count/floor",panel-miss,scanner-zero-items-passes-without-anti-vacuous-floor,catalog-new,none,no,
2026-06-15T01:39:48Z,72cd8a6da7563ebece5947a0a9e4449ad31a4342,instr-pr-7,"Tests used a platform-specific path separator, so the intended nested path was not exercised on Linux",panel-miss,test-path-separator-platform-specific-misses-linux-nesting,catalog-new,none,no,
2026-06-15T01:39:48Z,72cd8a6da7563ebece5947a0a9e4449ad31a4342,instr-pr-7,"An unguarded git invocation threw CommandNotFoundException when git was absent instead of falling through to the scripted no-git path",panel-miss,unguarded-git-invocation-bypasses-no-git-fallback,catalog-new,none,no,
2026-06-15T02:56:04Z,72cd8a6da7563ebece5947a0a9e4449ad31a4342,instr-pr-3,"Re-derive panel (duck-logic) caught a bootstrap fail-open the original PR #3 panel had converged with: check-post-code-change.ps1 and check-comment-audit.ps1 blanket-skipped the first-ever add of the audit file (and the never-existed case), so a panel/audit-required introduction commit could pass CI with a missing/stale/invalid ledger if the local hook was bypassed. Fixed: removed both skips so every required commit is validated against its parent (the bootstrap commit ledger is present and validatable); both sibling gates hardened symmetrically with tests.",panel-miss,bootstrap-first-add-skip-fail-open-on-introduction-commit,"fixed: both gates hardened + tests (machinery, no catalog)",none,no,
2026-06-15T02:56:04Z,72cd8a6da7563ebece5947a0a9e4449ad31a4342,instr-pr-3,"Re-derive panel (duck-logic) flagged that both sibling audit gates use git log --no-merges, so a merge commit carrying conflict-resolution or manual code/governance edits is never classified or ledger-validated. Downgraded to non-blocking given this repo strictly linear (rebase + force-with-lease) PR workflow. Follow-up: harden both gates together (fail closed on merge commits or validate against first-parent diffs).",panel-miss,no-merges-skips-merge-commit-validation-in-audit-gates,pending (follow-up; linear-workflow mitigates),none,no,
2026-06-21T05:35:00Z,3fafddaaa1a2c460a77e3e5f513ed6051db80fb3,instr-pr-30,"Three review-pass-only slugs were appended at end-of-file and landed under the deterministic checker-scoped section, whose intro prose universally claims its members are registry-mechanized and not lens-forwarded; the review-pass-only rows violate that binding container-prose. The panel dismissed the placement as cosmetic (routing is per-row scope_mode) and missed the section-intro-vs-member-property contradiction. Bot-caught on PR 30; fixed by relocating the rows to the lower-frequency review-pass-only section.",panel-miss,new-entry-violates-section-intro-universal-claim,catalog-new,none,no,
